"Item","total_quantity","total_sales","average_quantity","minimum_sale","maximum_sale","maximum_sold_items"
"Apple",821,757.31,5.86428571428571,0.61,9.95,10
"Banana",726,735.84,5.37777777777778,0.55,9.9,10
"Grapes",734,769.35,5.64615384615385,0.54,9.96,10
"Mango",680,725.4,5.71428571428571,0.64,9.88,10
"Orange",746,700.82,6.0650406504065,0.63,9.91,10
"Pineapple",735,752.44,5.65384615384615,0.71,10,10
"Watermelon",748,734.12,5.58208955223881,0.51,9.97,10
